measure_id,measurement_year,numerator,denominator,rate,rate_unit
bp_control_lt140_90,2015,40,1035,0.0386,proportion
bp_control_lt140_90,2016,239,1057,0.2261,proportion
bp_control_lt140_90,2017,707,1078,0.6558,proportion
bp_control_lt140_90,2018,714,1090,0.655,proportion
bp_control_lt140_90,2019,734,1107,0.6631,proportion
bp_control_lt140_90,2020,748,1133,0.6602,proportion
bp_control_lt140_90,2021,767,1172,0.6544,proportion
bp_control_lt140_90,2022,785,1187,0.6613,proportion
bp_control_lt140_90,2023,793,1202,0.6597,proportion
bp_control_lt140_90,2024,801,1216,0.6587,proportion
bp_control_lt140_90,2025,809,1233,0.6561,proportion
ed_visits_per_1000_patients,2015,99,2927,33.8,per_1000
ed_visits_per_1000_patients,2016,294,3748,78.4,per_1000
ed_visits_per_1000_patients,2017,674,4406,153.0,per_1000
ed_visits_per_1000_patients,2018,633,4472,141.5,per_1000
ed_visits_per_1000_patients,2019,628,4458,140.9,per_1000
ed_visits_per_1000_patients,2020,652,4551,143.3,per_1000
ed_visits_per_1000_patients,2021,652,4799,135.9,per_1000
ed_visits_per_1000_patients,2022,654,4616,141.7,per_1000
ed_visits_per_1000_patients,2023,709,4627,153.2,per_1000
ed_visits_per_1000_patients,2024,710,4667,152.1,per_1000
ed_visits_per_1000_patients,2025,755,4655,162.2,per_1000
hba1c_control_lt8,2015,10,207,0.0483,proportion
hba1c_control_lt8,2016,104,224,0.4643,proportion
hba1c_control_lt8,2017,228,232,0.9828,proportion
hba1c_control_lt8,2018,230,234,0.9829,proportion
hba1c_control_lt8,2019,226,231,0.9784,proportion
hba1c_control_lt8,2020,232,235,0.9872,proportion
hba1c_control_lt8,2021,230,237,0.9705,proportion
hba1c_control_lt8,2022,235,240,0.9792,proportion
hba1c_control_lt8,2023,249,253,0.9842,proportion
hba1c_control_lt8,2024,247,252,0.9802,proportion
hba1c_control_lt8,2025,251,255,0.9843,proportion
hba1c_poor_control_gt9,2015,197,207,0.9517,proportion
hba1c_poor_control_gt9,2016,120,224,0.5357,proportion
hba1c_poor_control_gt9,2017,3,232,0.0129,proportion
hba1c_poor_control_gt9,2018,4,234,0.0171,proportion
hba1c_poor_control_gt9,2019,5,231,0.0216,proportion
hba1c_poor_control_gt9,2020,2,235,0.0085,proportion
hba1c_poor_control_gt9,2021,5,237,0.0211,proportion
hba1c_poor_control_gt9,2022,3,240,0.0125,proportion
hba1c_poor_control_gt9,2023,3,253,0.0119,proportion
hba1c_poor_control_gt9,2024,4,252,0.0159,proportion
hba1c_poor_control_gt9,2025,2,255,0.0078,proportion
readmission_30d_unplanned,2015,0,45,0.0,proportion
readmission_30d_unplanned,2016,1,65,0.0154,proportion
readmission_30d_unplanned,2017,5,113,0.0442,proportion
readmission_30d_unplanned,2018,2,109,0.0183,proportion
readmission_30d_unplanned,2019,4,109,0.0367,proportion
readmission_30d_unplanned,2020,9,168,0.0536,proportion
readmission_30d_unplanned,2021,3,115,0.0261,proportion
readmission_30d_unplanned,2022,3,103,0.0291,proportion
readmission_30d_unplanned,2023,0,101,0.0,proportion
readmission_30d_unplanned,2024,4,101,0.0396,proportion
readmission_30d_unplanned,2025,1,102,0.0098,proportion
